ticker,chi_name
000001.SH,上证综指
000002.SH,上证A指
000003.SH,上证B指
000004.SH,上证工业类指数
000005.SH,上证商业类指数
000006.SH,上证房地产指数
000007.SH,上证公用事业股指数
000008.SH,上证综合股指数
000009.SH,上证380
000010.SH,上证180
000011.SH,上证基金指数
000012.SH,上证国债
000013.SH,上证企债
000015.SH,上证红利
000016.SH,上证50
000017.SH,新综指
000018.SH,180金融
000019.SH,治理指数
000020.SH,中型综指
000021.SH,180治理
000022.SH,上证公司债
000023.SH,沪分离债
000025.SH,180基建
000026.SH,180资源
000027.SH,180运输
000028.SH,180成长
000029.SH,180价值
000030.SH,180R成长
000031.SH,180R价值
000032.SH,上证能源
000033.SH,上证材料
000034.SH,上证工业
000035.SH,上证可选
000036.SH,上证消费
000037.SH,上证医药
000038.SH,上证金融
000039.SH,上证信息
000040.SH,上证电信
000041.SH,上证公用
000042.SH,上证央企
000043.SH,超大盘
000044.SH,上证中盘
000045.SH,上证小盘
000046.SH,上证中小
000047.SH,上证全指
000048.SH,责任指数
000049.SH,上证民企
000050.SH,50等权
000051.SH,180等权
000052.SH,50基本
000053.SH,180基本
000054.SH,上证海外
000055.SH,上证地企
000056.SH,上证国企
000057.SH,全指成长
000058.SH,全指价值
000059.SH,全R成长
000060.SH,全R价值
000061.SH,上证企债30
000062.SH,上证沪企
000063.SH,上证周期
000064.SH,非周期
000065.SH,上证龙头
000066.SH,上证商品
000067.SH,上证新兴
000068.SH,上证资源
000069.SH,消费80
000070.SH,能源等权
000071.SH,材料等权
000072.SH,工业等权
000073.SH,可选等权
000074.SH,消费等权
000075.SH,医药等权
000076.SH,金融等权
000077.SH,信息等权
000078.SH,电信等权
000079.SH,公用等权
000090.SH,上证流通
000091.SH,沪财中小
000092.SH,资源50
000093.SH,180分层
000094.SH,上证上游
000095.SH,上证中游
000096.SH,上证下游
000097.SH,高端装备
000098.SH,上证F200
000099.SH,上证F300
000100.SH,上证F500
000101.SH,上证5年信用
000102.SH,沪投资品
000103.SH,沪消费品
000104.SH,380能源
000105.SH,380材料
000106.SH,380工业
000107.SH,380可选
000108.SH,380消费
000109.SH,380医药
000110.SH,380金融
000111.SH,380信息
000112.SH,380电信
000113.SH,380公用
000114.SH,持续产业
000115.SH,380等权
000116.SH,上证信用100
000117.SH,380成长
000118.SH,380价值
000119.SH,380R成长
000120.SH,380R价值
000121.SH,医药主题
000122.SH,农业主题
000123.SH,上证180动态
000125.SH,上证180稳定
000126.SH,上证消费50
000128.SH,380基本
000129.SH,180波动
000130.SH,380波动
000131.SH,上证高新
000132.SH,上证100
000133.SH,上证150
000134.SH,上证银行
000135.SH,上证180高贝塔
000136.SH,上证180低贝塔
000137.SH,上证380高贝塔
000138.SH,上证380低贝塔
000139.SH,上证转债
000141.SH,上证380动态
000142.SH,上证380稳定
000145.SH,优势资源
000146.SH,优势制造
000147.SH,优势消费
000148.SH,消费领先
000149.SH,上证180红利
000150.SH,上证380红利
000151.SH,上证国企红利
000152.SH,上证央企红利
000153.SH,上证民企红利
000155.SH,上证市值百强
000158.SH,上证环保
000159.SH,沪股通
000160.SH,沪新丝路
000161.SH,沪中国造
000162.SH,沪互联+
000171.CSI,新兴成指
000801.CSI,资源80
000801.SH,资源80(SH)
000802.SH,500沪市
000803.CSI,300波动
000803.SH,300波动(SH)
000804.CSI,500波动
000804.SH,500波动(SH)
000805.SH,A股资源
000806.CSI,消费服务
000807.CSI,食品饮料
000808.SH,医药生物
000809.CSI,细分农业
000809.SH,细分农业(SH)
000810.CSI,细分能源
000810.SH,细分能源(SH)
000811.CSI,细分有色
000811.SH,细分有色(SH)
000812.CSI,细分机械
000812.SH,细分机械(SH)
000813.CSI,细分化工
000813.SH,细分化工(SH)
000814.SH,细分医药
000815.CSI,细分食品
000815.SH,细分食品(SH)
000816.CSI,细分地产
000817.SH,兴证海西
000818.CSI,细分金融
000818.SH,细分金融(SH)
000819.SH,有色金属
000820.CSI,煤炭指数
000820.SH,煤炭指数(SH)
000821.CSI,沪深300红利
000822.CSI,中证500红利
000822.SH,中证500红利(SH)
000824.CSI,中证国企红利
000824.SH,中证国企红利(SH)
000825.CSI,中证央企红利
000825.SH,中证央企红利(SH)
000826.CSI,中证民企红利
000826.SH,中证民企红利(SH)
000827.SH,中证环保
000828.SH,沪深300高贝塔
000829.CSI,沪深300低贝塔
000829.SH,沪深300低贝塔(SH)
000830.CSI,中证500高贝塔
000830.SH,中证500高贝塔(SH)
000831.CSI,中证500低贝塔
000831.SH,中证500低贝塔(SH)
000832.CSI,中证转债
000833.CSI,中高企债
000838.CSI,中证创业价值
000838.SH,中证创业价值(SH)
000839.CSI,中证浙企综指
000839.SH,中证浙企综指(SH)
000840.CSI,中证浙江民企
000840.SH,中证浙江民企(SH)
000841.SH,中证800医药
000842.SH,中证800等权
000843.CSI,沪深300动态
000843.SH,沪深300动态(SH)
000844.CSI,沪深300稳定
000844.SH,沪深300稳定(SH)
000845.CSI,中证中期信用债
000846.CSI,中证财通ESG100
000852.SH,中证1000
000855.SH,央视500
000860.CSI,结构调整
000891.CSI,新兴综指
000901.SH,小康指数
000902.CSI,中证流通
000902.SH,中证流通(SH)
000903.SH,中证100
000904.SH,中证200
000905.SH,中证500
000906.SH,中证800
000907.CSI,中证700
000907.SH,中证700(SH)
000908.CSI,沪深300能源
000909.CSI,沪深300材料
000910.CSI,沪深300工业
000911.CSI,沪深300可选
000912.CSI,沪深300消费
000913.SH,沪深300医药
000914.SH,沪深300金融
000915.CSI,沪深300信息
000915.SH,沪深300信息(SH)
000916.CSI,沪深300电信
000916.SH,沪深300电信(SH)
000917.CSI,沪深300公用
000918.SH,沪深300成长
000919.CSI,沪深300价值
000920.CSI,沪深300R成长
000920.SH,沪深300R成长(SH)
000921.CSI,沪深300R价值
000921.SH,沪深300R价值(SH)
000922.CSI,中证红利
000923.SH,中证公司债(SH)
000924.SH,中证分离债
000925.CSI,基本面50
000926.CSI,中证央企
000926.SH,中证央企(SH)
000927.CSI,央企100
000927.SH,央企100(SH)
000928.SH,中证能源
000929.CSI,中证材料
000929.SH,中证材料(SH)
000930.CSI,中证工业
000930.SH,中证工业(SH)
000931.CSI,中证可选
000932.SH,中证消费
000933.SH,中证医药
000934.SH,中证金融
000935.SH,中证信息
000936.CSI,中证电信
000936.SH,中证电信(SH)
000937.CSI,中证公用
000937.SH,中证公用(SH)
000938.CSI,中证民企
000938.SH,中证民企(SH)
000939.CSI,民企成长
000940.CSI,财富大盘
000941.CSI,新能源
000941.SH,新能源(SH)
000942.CSI,内地消费
000942.SH,内地消费(SH)
000943.CSI,内地基建
000943.SH,内地基建(SH)
000944.SH,内地资源
000945.CSI,内地运输
000945.SH,内地运输(SH)
000946.CSI,内地金融
000946.SH,内地金融(SH)
000947.CSI,内地银行
000947.SH,内地银行(SH)
000948.CSI,内地地产
000948.SH,内地地产(SH)
000949.CSI,内地农业
000949.SH,内地农业(SH)
000950.CSI,300基建
000951.CSI,300银行
000952.CSI,300地产
000953.CSI,中证地企
000953.SH,中证地企(SH)
000954.CSI,地企100
000954.SH,地企100(SH)
000955.CSI,中证国企
000955.SH,中证国企(SH)
000956.CSI,国企200
000956.SH,国企200(SH)
000957.CSI,300运输
000958.SH,创业成长
000959.CSI,银河99
000960.CSI,中证龙头
000960.SH,中证龙头(SH)
000961.CSI,中证上游
000962.CSI,中证中游
000962.SH,中证中游(SH)
000963.CSI,中证下游
000964.CSI,中证新兴
000965.CSI,基本200
000965.SH,基本200(SH)
000966.SH,基本400
000967.CSI,基本600
000967.SH,基本600(SH)
000968.CSI,300周期
000968.SH,300周期(SH)
000969.CSI,300非周
000970.CSI,ESG40
000970.SH,ESG40(SH)
000971.SH,等权90
000972.CSI,300沪市
000972.SH,300沪市(SH)
000973.SH,技术领先
000975.CSI,钱江30
000976.SH,新华金牛
000977.CSI,内地低碳
000978.CSI,医药100
000979.CSI,大宗商品
000980.CSI,中证超大
000980.SH,中证超大(SH)
000981.CSI,300分层
000981.SH,300分层(SH)
000982.SH,500等权
000983.CSI,智能资产
000984.SH,300等权
000985.CSI,中证全指
000985.SH,中证全指(SH)
000986.SH,全指能源
000987.SH,全指材料
000988.CSI,全指工业
000988.SH,全指工业(SH)
000989.SH,全指可选
000990.SH,全指消费
000991.SH,全指医药
000992.SH,全指金融
000993.SH,全指信息
000994.CSI,全指电信
000994.SH,全指电信(SH)
000995.CSI,全指公用
000995.SH,全指公用(SH)
000996.SH,领先行业
000997.SH,大消费
000998.SH,中证TMT
399001.SZ,深证成指
399002.SZ,深成指R
399004.SZ,深证100R
399005.SZ,中小板指
399006.SZ,创业板指
399007.SZ,深证300
399008.SZ,中小300
399009.SZ,深证200
399010.SZ,深证700
399011.SZ,深证1000
399012.SZ,创业300
399013.SZ,深市精选
399015.SZ,中小创新
399016.SZ,深证创新
399017.SZ,SME创新
399018.SZ,创业创新
399050.SZ,创新引擎
399100.SZ,深证新综指
399101.SZ,中小板综
399102.SZ,创业板综
399103.SZ,乐富指数
399107.SZ,深证A指
399231.SZ,农林指数
399232.SZ,采矿指数
399233.SZ,制造指数
399234.SZ,水电指数
399235.SZ,建筑指数
399236.SZ,批零指数
399237.SZ,运输指数
399238.SZ,餐饮指数
399239.SZ,IT指数
399240.SZ,金融指数
399241.SZ,地产指数
399242.SZ,商务指数
399243.SZ,科研指数
399244.SZ,公共指数
399248.SZ,文化指数
399249.SZ,综企指数
399292.SZ,民企发展
399293.SZ,创业大盘
399295.SZ,创业蓝筹
399296.SZ,创成长
399298.SZ,深信中高
399299.SZ,深信中低
399300.SZ,沪深300
399301.SZ,深信用债
399302.SZ,深公司债
399303.SZ,国证2000
399305.SZ,深证基金指数
399306.SZ,深证ETF
399307.SZ,深证转债
399310.SZ,国证50
399311.SZ,国证1000
399312.SZ,国证300
399313.SZ,巨潮100
399314.SZ,巨潮大盘
399315.SZ,巨潮中盘
399316.SZ,巨潮小盘
399317.SZ,国证A指
399319.SZ,资源优势
399320.SZ,国证服务
399321.SZ,国证红利
399322.SZ,国证治理
399324.SZ,深证红利
399326.SZ,成长40
399328.SZ,深证治理
399329.SZ,中小板100指数P
399330.SZ,深证100
399332.SZ,深证创新(旧)
399333.SZ,中小板指R
399335.SZ,深证央企
399337.SZ,深证民营
399339.SZ,深证科技
399341.SZ,深证责任
399344.SZ,深证300R
399346.SZ,深证成长
399348.SZ,深证价值
399350.SZ,皖江30
399351.SZ,深圳创新
399352.SZ,深企综指
399353.SZ,国证物流
399354.SZ,分析师指数
399355.SZ,CBN长江
399356.SZ,CBN珠江
399357.SZ,CBN渤海
399358.SZ,泰达环保指数
399359.SZ,国证基建
399360.SZ,新硬件
399361.SZ,国证商业
399362.SZ,民企100
399363.SZ,计算机指
399364.SZ,消费100
399365.SZ,国证农业
399366.SZ,国证大宗
399367.SZ,巨潮地产
399368.SZ,国证军工
399369.SZ,CBN-兴全
399370.SZ,国证成长
399371.SZ,国证价值
399372.SZ,大盘成长
399373.SZ,大盘价值
399374.SZ,中盘成长
399375.SZ,中盘价值
399376.SZ,小盘成长
399377.SZ,小盘价值
399378.SZ,南方低碳
399379.SZ,国证基金
399380.SZ,国证ETF
399381.SZ,1000能源
399382.SZ,1000材料
399383.SZ,1000工业
399384.SZ,1000可选
399385.SZ,1000消费
399386.SZ,1000医药
399387.SZ,1000金融
399388.SZ,1000信息
399389.SZ,国证通信
399390.SZ,1000公用
399391.SZ,投资时钟
399392.SZ,国证新兴
399393.SZ,国证地产
399394.SZ,国证医药
399395.SZ,国证有色
399396.SZ,国证食品
399397.SZ,OCT文化
399398.SZ,绩效指数
399399.SZ,中经GDP
399400.SZ,大中盘
399401.SZ,中小盘
399402.SZ,周期100
399403.SZ,防御100
399404.SZ,大盘低波
399405.SZ,大盘高贝
399406.SZ,中盘低波
399407.SZ,中盘高贝
399408.SZ,小盘低波
399409.SZ,小盘高贝
399410.SZ,苏州率先
399411.SZ,红利100
399412.SZ,国证新能
399413.SZ,国证转债
399415.SZ,I100
399416.SZ,I300
399417.SZ,新能源车
399418.SZ,国证国安
399419.SZ,国证高铁
399420.SZ,国证保证
399422.SZ,中关村A
399423.SZ,中关村50
399427.SZ,专利领先
399428.SZ,国证定增
399429.SZ,新丝路
399431.SZ,国证银行
399432.SZ,国证汽车
399433.SZ,国证交运
399434.SZ,国证传媒
399435.SZ,国证农牧
399436.SZ,国证煤炭
399437.SZ,国证证券
399438.SZ,国证电力
399439.SZ,国证油气
399440.SZ,国证钢铁
399441.SZ,生物医药
399481.SZ,企债指数
399550.SZ,央视50
399551.SZ,央视创新
399552.SZ,央视成长
399553.SZ,央视回报
399554.SZ,央视治理
399555.SZ,央视责任
399556.SZ,央视生态
399557.SZ,央视文化
399602.SZ,中小成长
399604.SZ,中小价值
399606.SZ,创业板指R
399608.SZ,科技100
399610.SZ,TMT50
399611.SZ,中创100R
399612.SZ,中创100
399613.SZ,深证能源
399614.SZ,深证材料
399615.SZ,深证工业
399616.SZ,深证可选
399617.SZ,深证消费
399618.SZ,深证医药
399619.SZ,深证金融
399620.SZ,深证信息
399621.SZ,深证电信
399622.SZ,深证公用
399623.SZ,中小基础
399624.SZ,中创400
399625.SZ,中创500
399626.SZ,中创500成长
399627.SZ,中创500价值
399628.SZ,700成长
399629.SZ,700价值
399630.SZ,1000成长
399631.SZ,1000价值
399632.SZ,深100EW
399633.SZ,深300EW
399634.SZ,中小板EW
399635.SZ,创业板EW
399636.SZ,深证装备
399637.SZ,深证地产
399638.SZ,深证环保
399639.SZ,深证大宗
399640.SZ,创业基础
399641.SZ,深证新兴
399642.SZ,中小新兴
399643.SZ,创业新兴
399644.SZ,深证时钟
399645.SZ,100低波
399646.SZ,深消费50
399647.SZ,深医药50
399648.SZ,深证GDP100
399649.SZ,中小板红利
399650.SZ,中小板治理
399651.SZ,中小板责任
399652.SZ,中创高新
399653.SZ,深证龙头
399654.SZ,深证文化
399655.SZ,深证绩效
399656.SZ,100绩效
399657.SZ,300绩效
399658.SZ,中小绩效
399659.SZ,深成指EW
399660.SZ,中创EW
399661.SZ,深证低波
399662.SZ,深证高贝
399663.SZ,中小低波
399664.SZ,中小高贝
399665.SZ,中创低波
399666.SZ,中创高贝
399667.SZ,创业板G
399668.SZ,创业板V
399669.SZ,深证农业
399670.SZ,深周期50
399671.SZ,深防御50
399672.SZ,深红利50
399673.SZ,创业板50
399674.SZ,深A医药
399675.SZ,深互联网
399676.SZ,深医药EW
399677.SZ,深互联EW
399678.SZ,深次新股
399679.SZ,深证200R
399680.SZ,深成能源
399681.SZ,深成材料
399682.SZ,深成工业
399683.SZ,深成可选
399684.SZ,深成消费
399685.SZ,深成医药
399686.SZ,深成金融
399687.SZ,深成信息
399688.SZ,深成电信
399689.SZ,深成公用
399690.SZ,中小专利
399691.SZ,创业专利
399692.SZ,创业低波
399693.SZ,安防产业
399694.SZ,创业高贝
399695.SZ,深证节能
399696.SZ,深证创投
399697.SZ,中关村60
399698.SZ,优势成长
399699.SZ,金融科技
399701.SZ,深证F60
399702.SZ,深证F120
399703.SZ,深证F200
399704.SZ,深证上游
399705.SZ,深证中游
399706.SZ,深证下游
399707.CSI,CSSW证券(CSI)
399707.SZ,CSSW证券
399802.SZ,500深市
399803.SZ,工业4.0
399804.SZ,中证体育
399805.SZ,互联金融
399806.SZ,环境治理
399807.SZ,高铁产业
399808.SZ,中证新能
399809.SZ,保险主题
399810.CSI,CSSW传媒(CSI)
399810.SZ,CSSW传媒
399811.CSI,CSSW电子(CSI)
399811.SZ,CSSW电子
399812.SZ,养老产业
399813.SZ,中证国安
399814.SZ,大农业
399817.CSI,生态100(CSI)
399817.SZ,生态100
399959.SZ,军工指数
399965.SZ,中证800地产
399966.SZ,中证800证保
399967.SZ,中证军工
399970.CSI,中证移动互联(CSI)
399970.SZ,中证移动互联
399971.CSI,中证传媒(CSI)
399971.SZ,中证传媒
399972.SZ,300深市
399973.CSI,中证国防(CSI)
399973.SZ,中证国防
399974.SZ,国企改革
399975.CSI,证券公司(CSI)
399975.SZ,证券公司
399976.CSI,CS新能车(CSI)
399976.SZ,CS新能车
399983.CSI,地产等权(CSI)
399983.SZ,地产等权
399986.CSI,中证银行(CSI)
399986.SZ,中证银行
399987.CSI,中证酒(CSI)
399987.SZ,中证酒
399989.SZ,中证医疗
399990.SZ,煤炭等权
399991.SZ,一带一路
399992.SZ,CSWD并购
399993.SZ,CSWD生科
399994.SZ,信息安全
399995.SZ,基建工程
399996.SZ,中证智能家居
399997.SZ,中证白酒
399998.SZ,中证煤炭
899001.CSI,三板成指
899002.CSI,三板做市
899003.CSI,创新成指
899301.CSI,三板龙头
899302.CSI,三板制造
899303.CSI,三板服务
899304.CSI,三板医药
899305.CSI,三板消费
899306.CSI,三板研发
899307.CSI,三板活跃
930598.CSI,稀土产业
930599.CSI,中证高装
930601.CSI,软件服务
930606.CSI,中证钢铁
930607.CSI,中证汽车
930608.CSI,中证基建
930611.CSI,中小国改
930612.CSI,混合改革
930613.CSI,非周民企
930614.CSI,环保50
930615.CSI,中小医疗
930616.CSI,中证文体
930617.CSI,军工信息
930618.CSI,中证保险
930619.CSI,黄金采掘
930620.CSI,CSSW丝路
930621.CSI,CSSW高铁
930622.CSI,CSSW白酒
930623.CSI,CS娱乐
930624.CSI,CS医药
930625.CSI,陆港互联网
930626.CSI,陆港内地保险
930627.CSI,陆港互联网(HKD)
930628.CSI,陆港内地保险(HKD)
930629.CSI,CSSW健康
930632.CSI,CS稀金属
930633.CSI,中证旅游
930634.CSI,CS土改农
930635.CSI,CS智慧农
930636.CSI,陆港体育
930637.CSI,陆港彩娱
930638.CSI,陆港体育(HKD)
930639.CSI,陆港彩娱(HKD)
930640.CSI,CSWD重组
930641.CSI,中证中药
930642.CSI,中证核电
930643.CSI,CS轻资产
930644.CSI,港股通中国内地(HKD)
930645.CSI,港股通中国内地(CNY)
930648.CSI,CS智消费
930649.CSI,中证安防
930650.CSI,中证海洋
930651.CSI,CS计算机
930652.CSI,CS电子
930653.CSI,CS食品饮
930654.CSI,CS休闲娱
930658.CSI,CS汽车AM
930659.CSI,CS能源互
930660.CSI,CSSW体育
930661.CSI,CSSW互金
930662.CSI,CS现代农
930663.CSI,中证创投
930667.CSI,300精明
930668.CSI,300精明(HKD)
930669.CSI,300精明(USD)
930670.CSI,500商业
930671.CSI,500运输
930672.CSI,500资本品
930673.CSI,500房地产
930674.CSI,500零售
930675.CSI,500媒体
930676.CSI,500耐用
930677.CSI,500汽车汽配
930678.CSI,500半导体
930679.CSI,500硬件
930680.CSI,500软件
930681.CSI,500制药生物
930682.CSI,500食品饮料
930683.CSI,500电气设备
930684.CSI,500机械
930685.CSI,500建筑工程
930686.CSI,500多元零售
930687.CSI,500纺织服装
930688.CSI,500耐用消费
930689.CSI,500煤炭
930690.CSI,500电子仪器
930691.CSI,500制药
930692.CSI,500化学制品
930693.CSI,500建筑材料
930694.CSI,500有色金属
930695.CSI,500农牧渔
930696.CSI,500饮料
930697.CSI,家用电器
930698.CSI,CS水利
930700.CSI,CS上海
930701.CSI,CS京津冀
930702.CSI,CS西部
930703.CSI,CS福建
930704.CSI,CS广东
930705.CSI,电商数据
930706.CSI,中证水泥
930707.CSI,中证畜牧
930708.CSI,中证有色
930709.CSI,香港证券
930710.CSI,香港证券(CNY)
930711.CSI,CS智穿戴
930712.CSI,CS物联网
930713.CSI,CS人工智
930714.CSI,CS智家电
930715.CSI,CS朝阳88
930716.CSI,CS物流
930717.CSI,CS教育
930718.CSI,CS海运
930719.CSI,CS精准医
930720.CSI,CS互医疗
930721.CSI,CS智汽车
930722.CSI,CS互平台
930723.CSI,沪港深F100
930724.CSI,沪港深F100(HKD)
930725.CSI,CS车联网
930726.CSI,CS生医
930727.CSI,CS自贸区
930728.CSI,CS乐园
930729.CSI,银智100
930730.CSI,银策消费
930731.CSI,CS西藏
930732.CSI,CS中国造
930733.CSI,CS互联+
930738.CSI,四川国改
930739.CSI,银策100
930740.CSI,300红利LV
930741.CSI,CS航空
930742.CSI,中证电商
930743.CSI,中证生科
930744.CSI,中证信托
930745.CSI,CSWD数据
930746.CSI,港中小企
930747.CSI,港中小企(CNY)
930748.CSI,沪深300USD
930749.CSI,沪深300USD(CNH)
930750.CSI,中证500USD
930751.CSI,中证500USD(CNH)
930752.CSI,中证500HKD
930753.CSI,中证500HKD(CNH)
930754.CSI,民企成长USD
930755.CSI,民企成长USD(CNH)
930756.CSI,环保USD
930757.CSI,环保USD(CNH)
930758.CSI,凤凰50
930759.CSI,雪球100
930760.CSI,雪球智选
930762.CSI,雪球精选
930763.CSI,CS房天下
930766.CSI,CS民参军
930767.CSI,沪深300优选
930768.CSI,沪深300优选(HKD)
930769.CSI,财富100
930770.CSI,财富188
930771.CSI,CS新能源
930776.CSI,CS增持
930777.CSI,CS定增
930778.CSI,CS高端造
930779.CSI,银商领先
930780.CSI,中证兴业中高信用债
930781.CSI,中证影视
930782.CSI,500SNLV
930783.CSI,CS英大EI
930784.CSI,HK红利EW
930785.CSI,HK红利EW(CNY)
930786.CSI,短融AAA
930787.CSI,短融AA+
930788.CSI,短融AA
930789.CSI,CSMA预期
930790.CSI,CS娱乐TI
930791.CSI,CS医药TI
930792.CSI,HK银行(HKD)
930793.CSI,HK银行(CNY)
930820.CSI,CS高端制
930821.CSI,中证VR
930822.CSI,CS院校企
930835.CSI,环保专利
930836.CSI,沪港深高股息(CNY)
930837.CSI,沪港深高股息(HKD)
930838.CSI,CS高股息
930839.CSI,HK高股息(HKD)
930840.CSI,HK高股息(CNY)
930845.CSI,CS供给侧
930846.CSI,300SNLV
930847.CSI,800SNLV
930848.CSI,1000SNLV
930850.CSI,智能制造
930851.CSI,云计算
930852.CSI,量子通信
930853.CSI,海绵城市
930854.CSI,水环境
930855.CSI,CS质量
930856.CSI,HK质量(HKD)
930857.CSI,HK质量(CNY)
930858.CSI,沪港深质量(CNY)
930859.CSI,沪港深质量(HKD)
930860.CSI,盈利质量
930861.CSI,香港EQ(HKD)
930862.CSI,香港EQ(CNY)
930863.CSI,沪港深EQ(CNY)
930864.CSI,沪港深EQ(HKD)
930875.CSI,空天一体
930876.CSI,香港彩娱(HKD)
930877.CSI,香港彩娱(CNY)
930882.CSI,CS珠三角
930883.CSI,创新驱动
930884.CSI,300创新
930885.CSI,500创新
930901.SH,动漫游戏
930902.CSI,中证数据
930903.CSI,中证A股
930904.CSI,中证PPP
930905.CSI,CS贵金属
930907.CSI,香港海外高股息(HKD)
930908.CSI,香港海外高股息(CNY)
930910.CSI,农牧渔
930911.CSI,化学原料
930912.CSI,GTJA Intl中国影视(CNY)
930913.CSI,GTJA Intl中国影视(HKD)
930914.CSI,港股通高股息(HKD)
930915.CSI,港股通高股息(CNY)
930917.CSI,SHS高股息(CNY)
930918.CSI,SHS高股息(HKD)
930923.CSI,港中国中小(HKD)
930924.CSI,港中国中小(CNY)
930925.CSI,沪港深保险(CNY)
930926.CSI,沪港深保险(HKD)
930927.CSI,CR基石
930928.CSI,CR新动能
930930.CSI,港股综合(HKD)
930931.CSI,港股通50(HKD)
930932.CSI,HKCN证券(HKD)
930933.CSI,港股综合(CNY)
930934.CSI,港股通50(CNY)
930935.CSI,HKCN证券(CNY)
930936.CSI,国开成长
930937.CSI,稳健成长
930938.CSI,500盈利成长
930939.CSI,500质量
930945.CSI,香港新股(HKD)
930946.CSI,香港新股(CNY)
930948.CSI,300 EWMR
930949.CSI,价值回报
930955.CSI,红利低波100
930956.CSI,绿色投资
930957.CSI,HKC中国100(HKD)
930958.CSI,HKC中国100(CNY)
930959.CSI,HKC海外50(HKD)
930960.CSI,HKC能源C(HKD)
930961.CSI,HKC材料C(HKD)
930962.CSI,HKC工业C(HKD)
930963.CSI,HKC可选C(HKD)
930964.CSI,HKC消费C(HKD)
930965.CSI,HKC医药C(HKD)
930966.CSI,HKC金融C(HKD)
930967.CSI,HKC信息C(HKD)
930968.CSI,HKC电信C(HKD)
930969.CSI,HKC公用C(HKD)
930970.CSI,HKC能源C(CNY)
930971.CSI,HKC材料C(CNY)
930972.CSI,HKC工业C(CNY)
930973.CSI,HKC可选C(CNY)
930974.CSI,HKC消费C(CNY)
930975.CSI,HKC医药C(CNY)
930976.CSI,HKC金融C(CNY)
930977.CSI,HKC信息C(CNY)
930978.CSI,HKC电信C(CNY)
930979.CSI,HKC公用C(CNY)
930980.CSI,HKC海外50(CNY)
930981.CSI,东北指数
930982.CSI,扶贫发展
930983.CSI,MG200
930984.CSI,MG新经济
930985.CSI,500LBLV
930986.CSI,金融科技
930987.CSI,安徽发展
930990.CSI,港股通红利低波(HKD)
930991.CSI,港股通红利低波(CNY)
930992.CSI,沪港深红利低波(CNY)
930993.CSI,沪港深红利低波(HKD)
930997.CSI,新能源车
930998.CSI,HKC大湾区(HKD)
930999.CSI,SHS大湾区(CNY)
931000.CSI,大湾区
931001.CSI,HKC大湾区(CNY)
931002.CSI,SHS大湾区(HKD)
931003.CSI,农业改革
931004.CSI,女性消费
931005.CSI,母婴消费
931006.CSI,老年消费
931007.CSI,新生消费
931008.CSI,中证全指汽车指数
931009.CSI,中证全指建筑材料
931011.CSI,医药创新
931012.CSI,CS黄金
931013.CSI,消费低波
931014.CSI,成长低波
931015.CSI,周期低波
931020.CSI,装配建筑
931021.CSI,家居家电
931022.CSI,大气治理
931023.CSI,北京50
931024.CSI,HKC非银(HKD)
931025.CSI,HKC地产(HKD)
931026.CSI,HKC TMT(HKD)
931027.CSI,HKC大消费(HKD)
931028.CSI,HKC非银(CNY)
931029.CSI,HKC地产(CNY)
931030.CSI,HKC TMT(CNY)
931031.CSI,HKC大消费(CNY)
931032.CSI,复兴100
931033.CSI,杭州湾区
931037.CSI,绿色领先
931038.CSI,中证100AH
931039.CSI,银行AH
931040.CSI,证券AH
931041.CSI,证保AH
931042.CSI,能源AH
931043.CSI,央企AH
931044.CSI,国企AH
931045.CSI,中证100AH(HKD)
931046.CSI,银行AH(HKD)
931047.CSI,证券AH(HKD)
931048.CSI,证保AH(HKD)
931049.CSI,能源AH(HKD)
931050.CSI,央企AH(HKD)
931051.CSI,国企AH(HKD)
931052.CSI,国信价值
931053.CSI,高股息策略
931054.CSI,财务稳健
931055.CSI,稳健低波
931056.CSI,红利增长
931057.CSI,股权激励
931058.CSI,竞争优势
931062.CSI,质量低波
931063.CSI,创始经营
931065.CSI,财通浙30
931066.CSI,军工龙头
931067.CSI,绩优策略
931068.CSI,消费龙头
931069.CSI,中金300
931070.CSI,中金100
931071.CSI,人工智能
931079.CSI,5G通信
931081.CSI,中证半导
931086.CSI,MG新经济AUD
931087.CSI,科技龙头
931089.CSI,180ESG
931123.CSI,蓝天环境改善(CNY)
931124.CSI,蓝天环境改善(HKD)
931125.CSI,蓝天环境改善(USD)
931126.CSI,蓝天环境改善(EUR)
931129.CSI,盈利估值
931130.CSI,红利成长低波
931133.CSI,经济蓝筹
931134.CSI,AH经济蓝筹(CNY)
931135.CSI,AH经济蓝筹(HKD)
931136.CSI,深圳科技(CNY)
931137.CSI,深圳科技(HKD)
931138.CSI,高息低波
931139.CSI,CS消费50
931140.CSI,医药50
931141.CSI,CS长三角
931142.CSI,东证竞争
931148.CSI,ESG80
931149.CSI,环境质量
931150.CSI,绿色质量
931151.CSI,光伏产业
931152.CSI,CS创新药
931155.CSI,300质量
931156.CSI,800质量
931157.CSI,SHS红利成长LV(人民币)
931158.CSI,SHS红利成长LV(港币)
931160.CSI,中证全指通信设备
931163.CSI,浙江100
931165.CSI,新兴科技100
931166.CSI,医药健康100
931167.CSI,先进制造100
931170.CSI,民企龙头
950070.CSI,上证汽车
950071.CSI,上证基建
950072.CSI,沪信安全
950073.CSI,沪互联网
950074.CSI,沪互金融
950075.CSI,沪现代农
950079.CSI,上证混改
950080.CSI,中小企改
950081.CSI,180碳效
950082.CSI,上海改革
950085.SH,沪物联网
950086.SH,沪自贸区
950087.SH,上证海洋
950088.SH,沪轻资产
950089.SH,上证电子
950090.SH,50AH优选
950091.SH,50AH优选(HKD)
950092.SH,上证180优选
950093.SH,上证180优选(HKD)
950094.SH,上证增持
950095.SH,上证定增
950096.CSI,上海国企
950097.SH,沪供给侧
950098.SH,180SNLV
950099.SH,380SNLV
950100.SH,上高股息
950101.SH,沪智能造
950105.SH,上证证券
950106.SH,上证创新
950107.SH,380创新
N99001.CSI,三板成指全收益
N99002.CSI,三板做市全收益
h00009.SH,上证380全收益
h00010.SH,上证180全收益
h00015.SH,上证红利全收益
h00016.SH,上证50全收益
h00018.SH,180金融全收益
h00019.SH,治理指数全收益
h00020.SH,中企收益
h00021.SH,180治理全收益
h00025.SH,180基建全收益
h00026.SH,180资源全收益
h00027.SH,180运输全收益
h00028.SH,180成长全收益
h00029.SH,180价值全收益
h00030.SH,180R成长全收益
h00031.SH,180R价值全收益
h00032.SH,上证能源全收益
h00033.SH,上证材料全收益
h00034.SH,上证工业全收益
h00035.SH,上证可选全收益
h00036.SH,上证消费全收益
h00037.SH,上证医药全收益
h00038.SH,上证金融全收益
h00039.SH,上证信息全收益
h00040.SH,上证电信全收益
h00041.SH,上证公用全收益
h00042.SH,上证央企全收益
h00043.SH,超大盘全收益
h00044.SH,上证中盘全收益
h00045.SH,上证小盘全收益
h00046.SH,上证中小全收益
h00047.SH,上证全指全收益
h00048.SH,责任指数全收益
h00049.SH,上证民企全收益
h00050.SH,50等权全收益
h00051.SH,180等权全收益
h00052.SH,50基本全收益
h00053.SH,180基本全收益
h00054.SH,上证海外全收益
h00055.SH,上证地企全收益
h00056.SH,上证国企全收益
h00057.SH,全指成长全收益
h00058.SH,全指价值全收益
h00059.SH,全R成长全收益
h00060.SH,全R价值全收益
h00062.SH,上证沪企全收益
h00063.SH,上证周期全收益
h00064.SH,非周期全收益
h00065.SH,上证龙头全收益
h00066.SH,上证商品全收益
h00067.SH,上证新兴全收益
h00068.SH,上证资源全收益
h00069.SH,消费80全收益
h00070.SH,能源等权全收益
h00071.SH,材料等权全收益
h00072.SH,工业等权全收益
h00073.SH,可选等权全收益
h00074.SH,消费等权全收益
h00075.SH,医药等权全收益
h00076.SH,金融等权全收益
h00077.SH,信息等权全收益
h00078.SH,电信等权全收益
h00079.SH,公用等权全收益
h00090.SH,上证流通全收益
h00091.SH,沪财中小全收益
h00092.SH,资源50全收益
h00093.SH,180分层全收益
h00094.SH,上证上游全收益
h00095.SH,上证中游全收益
h00096.SH,上证下游全收益
h00097.SH,高端装备全收益
h00098.SH,上证F200全收益
h00099.SH,上证F300全收益
h00100.SH,上证F500全收益
h00102.SH,沪投资品全收益
h00103.SH,沪消费品全收益
h00104.SH,380能源全收益
h00105.SH,380材料全收益
h00106.SH,380工业全收益
h00107.SH,380可选全收益
h00108.SH,380消费全收益
h00109.SH,380医药全收益
h00110.SH,380金融全收益
h00111.SH,380信息全收益
h00112.SH,380电信全收益
h00113.SH,380公用全收益
h00114.SH,持续产业全收益
h00115.SH,380等权全收益
h00117.SH,380成长全收益
h00118.SH,380价值全收益
h00119.SH,380R成长全收益
h00120.SH,380R价值全收益
h00121.SH,医药主题全收益
h00122.SH,农业主题全收益
h00123.SH,上证180动态全收益
h00125.SH,上证180稳定全收益
h00126.SH,消费50全收益
h00128.SH,380基本全收益
h00129.SH,180波动全收益
h00130.SH,380波动全收益
h00131.SH,上证高新全收益
h00132.SH,上证100全收益
h00133.SH,上证150全收益
h00134.SH,上证银行全收益
h00135.SH,上证180高贝塔全收益
h00136.SH,上证180低贝塔全收益
h00137.SH,上证380高贝塔全收益
h00138.SH,上证380低贝塔全收益
h00140.SH,上证5年国债(全)
h00141.SH,上证380动态全收益
h00142.SH,上证380稳定全收益
h00145.SH,优势资源全收益
h00146.SH,优势制造全收益
h00147.SH,优势消费全收益
h00148.SH,消费领先全收益
h00149.SH,上证180红利全收益
h00150.SH,上证380红利全收益
h00151.SH,上证国企红利全收益
h00152.SH,上证央企红利全收益
h00153.SH,上证民企红利全收益
h00155.SH,上证市值百强全收益
h00158.SH,上证环保全收益
h00160.SH,沪新丝路全收益
h00161.SH,沪中国造全收益
h00162.SH,沪互联+全收益
h00171.CSI,新兴成指全收益
h00300.CSI,沪深300全收益
h00801.CSI,资源80全收益
h00802.CSI,500沪市全收益
h00803.CSI,300波动全收益
h00804.CSI,500波动全收益
h00805.CSI,A股资源全收益
h00806.CSI,消费服务全收益
h00807.CSI,食品饮料全收益
h00808.CSI,医药生物全收益
h00809.CSI,细分农业全收益
h00810.CSI,细分能源全收益
h00811.CSI,细分有色全收益
h00812.CSI,细分机械全收益
h00813.CSI,细分化工全收益
h00814.CSI,细分医药全收益
h00815.CSI,细分食品全收益
h00816.CSI,细分地产全收益
h00818.CSI,细分金融全收益
h00819.CSI,有色金属全收益
h00820.CSI,煤炭指数全收益
h00821.CSI,沪深300红利全收益
h00822.CSI,中证500红利全收益
h00824.CSI,中证国企红利全收益
h00825.CSI,中证央企红利全收益
h00826.CSI,中证民企红利全收益
h00827.CSI,中证环保全收益
h00828.CSI,沪深300高贝塔全收益
h00829.CSI,沪深300低贝塔全收益
h00830.CSI,中证500高贝塔全收益
h00831.CSI,中证500低贝塔全收益
h00838.CSI,中证创业价值全收益
h00839.CSI,中证浙企综指全收益
h00840.CSI,中证浙江民企全收益
h00841.CSI,中证800医药全收益
h00842.CSI,中证800等权全收益
h00843.CSI,沪深300动态全收益
h00844.CSI,沪深300稳定全收益
h00846.CSI,中证财通ESG100全收益
h00852.SH,中证1000全收益
h00860.CSI,结构调整全收益
h00901.CSI,小康指数全收益
h00903.CSI,中证100全收益
h00904.CSI,中证200全收益
h00905.CSI,中证500全收益
h00906.CSI,中证800全收益
h00907.CSI,中证700全收益
h00908.CSI,沪深300能源全收益
h00909.CSI,沪深300材料全收益
h00910.CSI,沪深300工业全收益
h00911.CSI,沪深300可选全收益
h00912.CSI,沪深300消费全收益
h00913.CSI,沪深300医药全收益
h00914.CSI,沪深300金融全收益
h00915.CSI,沪深300信息全收益
h00916.CSI,沪深300电信全收益
h00917.CSI,沪深300公用全收益
h00918.CSI,沪深300成长全收益
h00919.CSI,沪深300价值全收益
h00920.CSI,沪深300R成长全收益
h00921.CSI,沪深300R价值全收益
h00922.CSI,中证红利全收益
h00925.CSI,基本面50全收益
h00926.CSI,中证央企全收益
h00927.CSI,央企100全收益
h00928.CSI,中证能源全收益指数
h00929.CSI,中证原材料全收益指数
h00930.CSI,中证工业全收益指数
h00931.CSI,中证可选消费全收益指数
h00932.CSI,中证主要消费全收益指数
h00933.CSI,中证医药卫生全收益指数
h00934.CSI,中证金融地产全收益指数
h00935.CSI,中证信息技术全收益指数
h00936.CSI,中证电信业务全收益指数
h00937.CSI,中证公用事业全收益指数
h00938.CSI,中证民企全收益
h00939.CSI,民企成长全收益
h00940.CSI,财富大盘全收益
h00941.CSI,新能源全收益
h00942.CSI,内地消费全收益
h00943.CSI,内地基建全收益
h00944.CSI,内地资源全收益
h00945.CSI,内地运输全收益
h00946.CSI,内地金融全收益
h00947.CSI,内地银行全收益
h00948.CSI,内地地产全收益
h00949.CSI,内地农业全收益
h00950.CSI,300基建全收益
h00951.CSI,300银行全收益
h00952.CSI,300地产全收益
h00953.CSI,中证地企全收益
h00954.CSI,地企100全收益
h00955.CSI,中证国企全收益
h00956.CSI,国企200全收益
h00957.CSI,300运输全收益
h00958.CSI,创业成长全收益
h00959.CSI,银河99全收益
h00960.CSI,中证龙头全收益
h00961.CSI,中证上游全收益
h00962.CSI,中证中游全收益
h00963.CSI,中证下游全收益
h00964.CSI,中证新兴全收益
h00965.CSI,基本200全收益
h00966.CSI,基本400全收益
h00967.CSI,基本600全收益
h00968.CSI,300周期全收益
h00969.CSI,300非周全收益
h00970.CSI,ESG40全收益
h00971.CSI,等权90全收益
h00972.CSI,300沪市全收益
h00977.CSI,内地低碳全收益
h00978.CSI,医药100全收益
h00979.CSI,大宗商品全收益
h00980.CSI,中证超大全收益
h00981.CSI,300分层全收益
h00982.CSI,500等权全收益
h00983.CSI,智能资产全收益
h00984.CSI,300等权全收益
h00985.CSI,中证全指全收益
h00986.CSI,全指能源全收益
h00987.CSI,全指材料全收益
h00988.CSI,全指工业全收益
h00989.CSI,全指可选全收益
h00990.CSI,全指消费全收益
h00991.CSI,全指医药全收益
h00992.CSI,全指金融全收益
h00993.CSI,全指信息全收益
h00994.CSI,全指电信全收益
h00995.CSI,全指公用全收益
h00998.CSI,中证TMT全收益
h00999.CSI,光大阳光指数
h01051.CSI,钢铁产业全收益
h01052.CSI,汽车产业全收益
h01053.CSI,纺织产业全收益
h01054.CSI,装备产业全收益
h01055.CSI,船舶产业全收益
h01056.CSI,电子产业全收益
h01057.CSI,石化产业全收益
h01058.CSI,轻工产业全收益
h01059.CSI,有色产业全收益
h01060.CSI,物流产业全收益
h01121.CSI,富国多空全收益
h11001.CSI,中证全债
h11002.CSI,中证3债
h11003.CSI,中证7债
h11004.CSI,中证10债
h11005.CSI,中证10+债
h11006.CSI,中证国债
h11007.CSI,中证金融债
h11008.CSI,中证企业债
h11009.CSI,中证综合债
h11010.CSI,中证1债
h11011.CSI,中证央票
h11012.CSI,中证央票1
h11013.CSI,中证央票(1-3)
h11014.CSI,中证短融
h11015.CSI,中证短债
h11016.CSI,中证50债
h11017.CSI,中期国债
h11018.CSI,沪质城投
h11019.CSI,中证企债100
h11030.CSI,AMAC农林
h11031.CSI,AMAC采矿
h11041.CSI,AMAC公用
h11042.CSI,AMAC建筑
h11043.CSI,AMAC交运
h11044.CSI,AMAC信息
h11045.CSI,AMAC批零
h11046.CSI,AMAC金融
h11047.CSI,AMAC地产
h11049.CSI,AMAC文体
h11050.CSI,AMAC综企
h11051.CSI,钢铁产业
h11052.CSI,汽车产业
h11053.CSI,纺织产业
h11054.CSI,装备产业
h11055.CSI,船舶产业
h11056.CSI,电子产业
h11057.CSI,石化产业
h11058.CSI,轻工产业
h11059.CSI,有色产业
h11060.CSI,物流产业
h11070.CSI,中证短融50
h11071.CSI,中证1-10国债
h11072.CSI,中证中票50
h11073.CSI,中证信用
h11074.CSI,中证中期企债
h11075.CSI,中证长期国债
h11076.CSI,中证中期综合
h11077.SH,上证10年国债
h11078.CSI,中证中高信用
h11079.CSI,中证中低信用
h11080.SH,HGSZ AAA
h11081.SH,HGSZ AA+
h11082.SH,HGSZ AA
h11083.SH,HGSZ 1-3
h11084.SH,HGSZ 3-5
h11085.SH,HGSZ 5-7
h11086.SH,HGSZ 7-10
h11087.CSI,GSZ AAA
h11088.CSI,GSZ AA+
h11089.CSI,GSZ AA
h11090.CSI,GSZ 1-3
h11091.CSI,GSZ 3-5
h11092.CSI,GSZ 5-7
h11093.CSI,GSZ 7-10
h11094.CSI,中票L50
h11095.SH,沪跨市中期中高债
h11096.CSI,中期信用L100
h11097.CSI,中期中高收益L
h11098.SH,沪城投债
h11099.CSI,短期国债
h11100.CSI,香港100
h11101.CSI,香港100人民币
h11103.CSI,香港内地人民币
h11108.CSI,两岸三地
h11110.CSI,香港F50港币
h11111.CSI,香港F50人民币
h11118.CSI,两岸三地美元
h11120.CSI,香港中盘精选
h11121.CSI,富国多空
h11123.CSI,香港内地50
h11128.CSI,两岸三地港元
h11138.CSI,两岸三地新台币
h11140.CSI,香港红利
h11141.CSI,香港红利人民币
h11142.CSI,HKT香港地产
h11143.CSI,HKT内地地产
h11144.CSI,HKT内地消费
h11145.CSI,HKT内地银行
h11146.CSI,HKT内地金融
h11147.CSI,HKT香港地产人民币
h11148.CSI,HKT内地地产人民币
h11149.CSI,HKT内地消费人民币
h11150.CSI,HKT内地银行人民币
h11151.CSI,HKT内地金融人民币
h11152.CSI,内地民营
h11153.CSI,内地国有
h11154.CSI,内地民营人民币
h11155.CSI,内地国有人民币
h11164.CSI,中证香港300港币
h11165.CSI,中证香港200港币
h11166.CSI,中证HK300内地港币
h11167.CSI,中证HK300本地港币
h11168.CSI,中证香港300人民币
h11169.CSI,中证香港200人民币
h11170.CSI,中证HK300内地人民币
h11171.CSI,中证HK300本地人民币
h11172.CSI,中证HK300V港币
h11173.CSI,中证HK300G港币
h11174.CSI,中证HK300RV港币
h11175.CSI,中证HK300RG港币
h11176.CSI,中证HK300V人民币
h11177.CSI,中证HK300G人民币
h11178.CSI,中证HK300RV人民币
h11179.CSI,中证HK300RG人民币
h11185.CSI,3年中高信用
h20001.CSI,中证环渤海全收益
h20002.CSI,中证长三角全收益
h20003.CSI,中证泛珠三角全收益
h20004.CSI,中证中部崛起全收益
h20005.CSI,中证西部开发全收益
h20006.CSI,中证东北振兴全收益
h20007.CSI,中证信息产业全收益
h20010.CSI,中证800能源全收益
h20011.CSI,中证800材料全收益
h20012.CSI,中证800资本全收益
h20013.CSI,中证800商业全收益
h20014.CSI,中证800运输全收益
h20015.CSI,中证800汽车全收益
h20016.CSI,中证800耐用全收益
h20017.CSI,中证800服务全收益
h20018.CSI,中证800媒体全收益
h20019.CSI,中证800零售全收益
h20020.CSI,中证800食零全收益
h20021.CSI,中证800食品全收益
h20022.CSI,中证800银行全收益
h20023.CSI,800资本全收益
h20024.CSI,中证800保险全收益
h20025.CSI,中证800地产全收益
h20026.CSI,中证800软件全收益
h20027.CSI,中证800硬件全收益
h20028.CSI,中证800半导全收益
h20029.CSI,中证800通信全收益
h20030.CSI,中证800公用全收益
h20031.CSI,中证800有色全收益
h20032.CSI,中证800机械全收益
h20033.CSI,中证800非银全收益
h20034.CSI,中证300有色全收益
h20035.CSI,中证300非银金融全收益
h20068.CSI,中证文化全收益
h20073.CSI,中证红利回报全收益
h20074.CSI,中证服务全收益
h20079.CSI,沪深300信服全收益
h20080.CSI,沪深300消服全收益
h20081.CSI,沪深300公运全收益
h20086.CSI,中证800金融全收益
h20087.CSI,中证500动态全收益
h20088.CSI,中证500稳定全收益
h20089.CSI,红利潜力全收益
h20090.CSI,能源红利全收益
h20091.CSI,材料红利全收益
h20092.CSI,工业红利全收益
h20093.CSI,可选红利全收益
h20094.CSI,消费红利全收益
h20095.CSI,医药红利全收益
h20096.CSI,金融红利全收益
h20097.CSI,信息红利全收益
h20098.CSI,电信红利全收益
h20099.CSI,公用红利全收益
h20124.CSI,安中动态全收益
h20137.CSI,中证城镇全收益
h20138.CSI,智慧城镇全收益
h20139.CSI,绿色城镇全收益
h20140.CSI,城镇交通全收益
h20141.CSI,智能交通全收益
h20142.CSI,城镇消费全收益
h20143.CSI,城镇基建全收益
h20164.CSI,中证全指汽车汽配全收益
h20165.CSI,中证全指房地产全收益
h20166.CSI,中证全指机械制造全收益
h20168.CSI,中证全指证券公司全收益
h20169.CSI,中证全指资本品全收益
h20170.CSI,中证全指商业指数全收益
h20171.CSI,中证全指运输指数全收益
h20172.CSI,中证全指耐用服装全收益
h20173.CSI,中证全指消费者全收益
h20174.CSI,中证全指媒体指数全收益
h20175.CSI,中证全指零售指数全收益
h20176.CSI,中证全指食药零售全收益
h20177.CSI,中证全指饮食烟草全收益
h20178.CSI,中证全指医疗保健全收益
h20179.CSI,中证全指医药生科全收益
h20180.CSI,中证银行指数全收益
h20182.CSI,中证全指软件服务全收益
h20183.CSI,中证全指硬件设备全收益
h20184.CSI,中证全指半导体全收益
h20186.CSI,中证全指保险指数全收益
h20187.CSI,中证全指化学制品全收益
h20188.CSI,中证全指制药指数全收益
h20189.CSI,中证全指电气设备全收益
h20190.CSI,中证全指电子仪器全收益
h20191.CSI,有色金属全收益
h20192.CSI,食品肉类全收益
h20193.CSI,中证全指纺织服装全收益
h20194.CSI,中证全指汽车配件全收益
h20195.CSI,中证全指建筑工程全收益
h20196.CSI,中证全指耐用消费全收益
h20197.CSI,中证全指多元零售全收益
h20198.CSI,油气指数全收益
h20199.CSI,中证全指电力指数全收益
h20200.CSI,中证全指交通设施全收益
h20201.CSI,中证全指贸易经销全收益
h20202.CSI,中证全指软件指数全收益
h20203.CSI,中证全指信息服务全收益
h20204.CSI,中证全指酒店休闲全收益
h20205.CSI,中证全指饮料指数全收益
h20206.CSI,中证全指纸类林业全收益
h20207.CSI,中证全指电脑设备全收益
h20208.CSI,中证全指专营零售全收益
h20209.CSI,中证全指建筑产品全收益
h20211.CSI,中证全指资本市场全收益
h20212.CSI,中证全指生物科技全收益
h20213.CSI,中证全指航天国防全收益
h20214.CSI,中证全指能源设备全收益
h20215.CSI,中证全指休闲用品全收益
h20216.CSI,中证全指海运指数全收益
h20217.CSI,中证全指医保设备全收益
h20218.CSI,中证全指水务指数全收益
h20219.CSI,中证全指容器包装全收益
h20220.CSI,中证全指网络软件全收益
h20221.CSI,中证全指复合公用全收益
h20222.CSI,中证全指公路铁路全收益
h20223.CSI,中证全指航空公司全收益
h20229.CSI,中证军工全收益
h20250.CSI,中证500能源全收益
h20251.CSI,中证500原料全收益
h20252.CSI,中证500工业全收益
h20253.CSI,中证500可选全收益
h20254.CSI,中证500消费全收益
h20255.CSI,中证500医药全收益
h20256.CSI,中证500金地全收益
h20257.CSI,中证500信息全收益
h20258.CSI,中证500电信全收益
h20259.CSI,中证500公用全收益
h20260.CSI,300动量全收益
h20261.CSI,300ERC全收益
h20262.CSI,地产等权全收益
h20269.CSI,红利低波(全)
h20270.CSI,红利价值(全)
h20318.CSI,TMT150全收益
h20343.CSI,养老产业全收益
h20344.CSI,健康产业全收益
h20349.SZ,国企改革全收益
h20362.CSI,基本300全收益
h20363.CSI,基本500全收益
h20366.CSI,高分红全收益
h20368.CSI,中证高新全收益
h20531.CSI,精工制造全收益
h20532.CSI,资源优选全收益
h20536.CSI,高铁产业全收益
h20538.CSI,煤炭等权全收益
h20539.CSI,中证白酒全收益
h20542.CSI,中证体育全收益
h20588.CSI,中证证保全收益
h20590.CSI,机器人全收益
h20591.CSI,互联金融全收益
h20592.CSI,中证新能全收益
h20593.CSI,一带一路全收益
h20595.CSI,保险主题全收益
h20596.CSI,中证煤炭全收益
h20597.CSI,新材料全收益
h20598.CSI,稀土产业全收益
h20599.CSI,中证高装全收益
h20600.CSI,工业4.0全收益
h20601.CSI,软件服务全收益
h20602.CSI,信息安全全收益
h20603.CSI,基建工程全收益
h20606.CSI,中证钢铁全收益
h20607.CSI,中证汽车全收益
h20608.CSI,中证基建全收益
h20611.CSI,中小国改全收益
h20612.CSI,混合改革全收益
h20613.CSI,非周民企全收益
h20614.CSI,环保50全收益
h20615.CSI,中小医疗全收益
h20617.CSI,军工信息全收益
h20618.CSI,中证保险全收益
h20619.CSI,黄金采掘全收益
h20620.CSI,CSSW丝路全收益
h20621.CSI,CSSW高铁全收益
h20622.CSI,CSSW白酒全收益
h20629.CSI,CSSW健康全收益
h20630.CSI,CSWD并购全收益
h20631.CSI,CSWD生科全收益
h20632.CSI,CS稀金属全收益
h20633.CSI,中证旅游全收益
h20634.CSI,CS土改农全收益
h20635.CSI,CS智慧农全收益
h20640.CSI,CSWD重组全收益
h20648.CSI,CS智消费全收益
h20649.CSI,中证安防全收益
h20651.CSI,CS计算机全收益
h20652.CSI,CS电子全收益
h20653.CSI,CS食品饮全收益
h20654.CSI,CS休闲娱全收益
h20658.CSI,CS汽车AM全收益
h20659.CSI,CS能源互全收益
h20660.CSI,CSSW体育全收益
h20661.CSI,CSSW互金全收益
h20662.CSI,CS现代农全收益
h20663.CSI,中证创投全收益
h20670.CSI,500商业全收益
h20671.CSI,500运输全收益
h20672.CSI,500资本品全收益
h20673.CSI,500房地产全收益
h20674.CSI,500零售全收益
h20675.CSI,500媒体全收益
h20676.CSI,500耐用全收益
h20677.CSI,500汽车汽配全收益
h20678.CSI,500半导体全收益
h20679.CSI,500硬件全收益
h20680.CSI,500软件全收益
h20681.CSI,500制药生物全收益
h20682.CSI,500食品饮料全收益
h20683.CSI,500电气设备全收益
h20684.CSI,500机械全收益
h20685.CSI,500建筑工程全收益
h20686.CSI,500多元零售全收益
h20687.CSI,500纺织服装全收益
h20688.CSI,500耐用消费全收益
h20689.CSI,500煤炭全收益
h20690.CSI,500电子仪器全收益
h20691.CSI,500制药全收益
h20692.CSI,500化学制品全收益
h20693.CSI,500建筑材料全收益
h20694.CSI,500有色金属全收益
h20695.CSI,500农牧渔全收益
h20696.CSI,500饮料全收益
h20697.CSI,家用电器全收益
h20698.CSI,CS水利全收益
h20700.CSI,CS上海全收益
h20701.CSI,CS京津冀全收益
h20702.CSI,CS西部全收益
h20703.CSI,CS福建全收益
h20704.CSI,CS广东全收益
h20705.CSI,电商数据全收益
h20706.CSI,中证水泥全收益
h20707.CSI,中证畜牧全收益
h20708.CSI,中证有色全收益
h20711.CSI,CS智穿戴全收益
h20712.CSI,CS物联网全收益
h20713.CSI,CS人工智全收益
h20714.CSI,CS智家电全收益
h20716.CSI,CS物流全收益
h20717.CSI,CS教育全收益
h20718.CSI,CS海运全收益
h20719.CSI,CS精准医全收益
h20720.CSI,CS互医疗全收益
h20721.CSI,CS智汽车全收益
h20722.CSI,CS互平台全收益
h20725.CSI,CS车联网全收益
h20726.CSI,CS生医全收益
h20727.CSI,CS自贸区全收益
h20728.CSI,CS乐园全收益
h20730.CSI,银策消费全收益
h20731.CSI,CS西藏全收益
h20732.CSI,CS中国造全收益
h20733.CSI,CS互联+全收益
h20738.CSI,四川国改全收益
h20740.CSI,300红利LV全收益
h20741.CSI,CS航空全收益
h20742.CSI,中证电商全收益
h20743.CSI,中证生科全收益
h20744.CSI,中证信托全收益
h20745.CSI,CSWD数据全收益
h20748.CSI,沪深300(全)USD
h20749.CSI,沪深300(全)USD(CNH)
h20750.CSI,中证500(全)USD
h20751.CSI,中证500(全)USD(CNH)
h20752.CSI,中证500(全)HKD
h20753.CSI,中证500(全)HKD(CNH)
h20754.CSI,民企成长(全)USD
h20755.CSI,民企成长(全)USD(CNH)
h20756.CSI,环保(全)USD
h20757.CSI,环保(全)USD(CNH)
h20758.CSI,凤凰50全收益
h20759.CSI,雪球100全收益
h20766.CSI,CS民参军全收益
h20771.CSI,CS新能源全收益
h20776.CSI,CS增持全收益
h20777.CSI,CS定增全收益
h20779.CSI,银商领先全收益
h20781.CSI,中证影视全收益
h20782.CSI,500SNLV全收益
h20783.CSI,CS英大EI全收益
h20790.CSI,CS娱乐TI全收益
h20791.CSI,CS医药TI全收益
h20820.CSI,CS高端制全收益
h20821.CSI,中证VR全收益
h20822.CSI,CS院校企全收益
h20835.CSI,环保专利全收益
h20838.CSI,CS高股息全收益
h20845.CSI,CS供给侧全收益
h20846.CSI,300SNLV全收益
h20847.CSI,800SNLV全收益
h20848.CSI,1000SNLV全收益
h20850.CSI,智能制造全收益
h20851.CSI,云计算全收益
h20852.CSI,量子通信全收益
h20853.CSI,海绵城市全收益
h20854.CSI,水环境全收益
h20855.CSI,CS质量全收益
h20860.CSI,盈利质量全收益
h20875.CSI,空天一体全收益
h20882.CSI,CS珠三角全收益
h20883.CSI,创新驱动全收益
h20884.CSI,300创新全收益
h20885.CSI,500创新全收益
h20901.SH,动漫游戏全收益
h20902.CSI,中证数据全收益
h20903.CSI,中证A股全收益
h20904.CSI,中证PPP全收益
h20905.CSI,CS贵金属全收益
h20910.CSI,中证全指1全收益
h20911.CSI,中证全收益
h20927.CSI,CX基石全收益
h20928.CSI,CX新动能全收益
h20936.CSI,国开成长全收益
h20937.CSI,稳健成长全收益
h20938.CSI,500盈利成长全收益
h20939.CSI,500质量全收益
h20949.CSI,价值回报全收益
h20955.CSI,红利低波100全收益
h20956.CSI,绿色投资全收益
h20981.CSI,东北指数全收益
h20982.CSI,扶贫发展全收益
h20983.CSI,MG200全收益
h20984.CSI,MG新经济全收益
h20985.CSI,500LBLV全收益
h20986.CSI,金融科技全收益
h20987.CSI,安徽发展全收益
h20997.CSI,新能源车全收益
h21000.CSI,大湾区全收益
h21003.CSI,农业改革全收益
h21004.CSI,女性消费全收益
h21005.CSI,母婴消费全收益
h21006.CSI,老年消费全收益
h21007.CSI,新生消费全收益
h21008.CSI,中证全指汽车指数全收益
h21009.CSI,中证全指建筑材料全收益
h21011.CSI,医药创新全收益
h21012.CSI,CS黄金全收益
h21013.CSI,消费低波全收益
h21014.CSI,成长低波全收益
h21015.CSI,周期低波全收益
h21020.CSI,装配建筑全收益
h21021.CSI,家居家电全收益
h21022.CSI,大气治理全收益
h21023.CSI,北京50全收益
h21032.CSI,复兴100全收益
h21033.CSI,杭州湾区全收益
h21037.CSI,绿色领先全收益
h21052.CSI,国信价值全收益
h21053.CSI,高股息策略全收益
h21054.CSI,财务稳健全收益
h21055.CSI,稳健低波全收益
h21056.CSI,红利增长全收益
h21057.CSI,股权激励全收益
h21058.CSI,竞争优势全收益
h21062.CSI,质量低波全收益
h21063.CSI,创始经营全收益
h21065.CSI,财通浙30全收益
h21066.CSI,军民融合全收益
h21067.CSI,绩优策略全收益
h21068.CSI,消费龙头全收益
h21069.CSI,中金300全收益
h21070.CSI,中金100全收益
h21071.CSI,人工智能全
h21079.CSI,5G通信全收益
h21081.CSI,中证半导全收益
h21086.CSI,MG新经济(全)AUD
h21087.CSI,科技龙头全收益
h21089.CSI,180ESG全收益
h21129.CSI,盈利估值全收益
h21130.CSI,红利成长低波全收益
h21133.CSI,经济蓝筹全收益
h21138.CSI,高息低波全收益
h21139.CSI,CS消费50全收益
h21140.CSI,医药50全收益
h21141.CSI,CS长三角全收益
h21142.CSI,东证竞争全收益
h21148.CSI,ESG80全收益
h21149.CSI,环境质量全收益
h21150.CSI,绿色质量全收益
h21151.CSI,光伏产业全收益
h21152.CSI,CS创新药全收益
h21155.CSI,300质量全收益
h21156.CSI,800质量全收益
h21160.CSI,中证全指通信设备全收益
h21163.CSI,浙江100全收益
h21165.CSI,新兴科技100全收益
h21166.CSI,医药健康100全收益
h21167.CSI,先进制造100全收益
h21170.CSI,民企龙头全收益
h30001.CSI,中证环渤海
h30002.CSI,中证长三角
h30003.CSI,中证泛珠三角
h30004.CSI,中证中部崛起
h30005.CSI,中证西部开发
h30006.CSI,中证东北振兴
h30007.CSI,中证信息产业
h30010.CSI,中证800能源
h30011.CSI,中证800材料
h30012.CSI,中证800资本
h30013.CSI,中证800商业
h30014.CSI,中证800运输
h30015.CSI,中证800汽车
h30016.CSI,中证800耐用
h30017.CSI,中证800服务
h30018.CSI,中证800媒体
h30019.CSI,中证800零售
h30020.CSI,中证800食零
h30021.CSI,中证800食品
h30022.CSI,中证800银行
h30023.CSI,800资本
h30024.CSI,中证800保险
h30025.CSI,中证800地产(退市)
h30026.CSI,中证800软件
h30027.CSI,中证800硬件
h30028.CSI,中证800半导
h30029.CSI,中证800通信
h30030.CSI,中证800公用
h30031.CSI,中证800有色
h30032.CSI,中证800机械
h30033.CSI,中证800非银(停用)
h30034.CSI,300有色
h30035.CSI,300非银
h30036.CSI,AMAC餐饮
h30037.CSI,AMAC商务
h30038.CSI,AMAC科技
h30039.CSI,AMAC公共
h30040.CSI,AMAC社会
h30041.CSI,AMAC农副
h30042.CSI,AMAC食品
h30043.CSI,AMAC饮料
h30044.CSI,AMAC纺织
h30045.CSI,AMAC服装
h30046.CSI,AMAC皮革
h30047.CSI,AMAC木材
h30048.CSI,AMAC家具
h30049.CSI,AMAC造纸
h30050.CSI,AMAC印刷
h30051.CSI,AMAC文教
h30052.CSI,AMAC石化
h30053.CSI,AMAC化学
h30054.CSI,AMAC医药
h30055.CSI,AMAC化纤
h30056.CSI,AMAC橡胶
h30057.CSI,AMAC矿物
h30058.CSI,AMAC钢铁
h30059.CSI,AMAC有色
h30060.CSI,AMAC金属
h30061.CSI,AMAC通用
h30062.CSI,AMAC专用
h30063.CSI,AMAC汽车
h30064.CSI,AMAC运输
h30065.CSI,AMAC电气
h30066.CSI,AMAC电子
h30067.CSI,AMAC仪表
h30068.CSI,中证文化
h30073.CSI,中证红利回报
h30074.CSI,中证服务
h30079.CSI,沪深300信服
h30080.CSI,沪深300消服
h30081.CSI,沪深300公运
h30086.CSI,中证800金融
h30087.CSI,中证500动态
h30088.CSI,中证500稳定
h30089.CSI,红利潜力
h30090.CSI,能源红利
h30091.CSI,材料红利
h30092.CSI,工业红利
h30093.CSI,可选红利
h30094.CSI,消费红利
h30095.CSI,医药红利
h30096.CSI,金融红利
h30097.CSI,信息红利
h30098.CSI,电信红利
h30099.CSI,公用红利
h30100.CSI,H300上游港币
h30101.CSI,H300中游港币
h30102.CSI,H300下游港币
h30103.CSI,H300周期港币
h30104.CSI,H300非周期港币
h30105.CSI,H300地产港币
h30106.CSI,H300金融服务港币
h30107.CSI,H300现代服务港币
h30108.CSI,H300TMT港币
h30109.CSI,H300消费港币
h30110.CSI,H300上游人民币
h30111.CSI,H300中游人民币
h30112.CSI,H300下游人民币
h30113.CSI,H300周期人民币
h30114.CSI,H300非周期人民币
h30115.CSI,H300地产人民币
h30116.CSI,H300金融服务人民币
h30117.CSI,H300现代服务人民币
h30118.CSI,H300TMT人民币
h30119.CSI,H300消费人民币
h30124.CSI,安中动态
h30125.CSI,优化成长
h30126.CSI,优化价值
h30127.CSI,优化高贝
h30128.CSI,优化低贝
h30129.CSI,优化高波
h30130.CSI,优化低波
h30137.CSI,中证城镇
h30138.CSI,智慧城镇
h30139.CSI,绿色城镇
h30140.CSI,城镇交通
h30141.CSI,智能交通
h30142.CSI,城镇消费
h30143.CSI,城镇基建
h30164.CSI,中证全指汽车汽配
h30165.CSI,中证全指房地产
h30166.CSI,中证全指机械制造
h30167.CSI,0
h30169.CSI,中证全指资本品
h30170.CSI,中证全指商业指数
h30171.CSI,中证全指运输指数
h30172.CSI,中证全指耐用服装
h30173.CSI,中证全指消费者
h30174.CSI,中证全指媒体指数
h30175.CSI,中证全指零售指数
h30176.CSI,中证全指食药零售
h30177.CSI,全指食品
h30178.CSI,中证全指医疗保健
h30179.CSI,中证全指医药生科
h30181.CSI,中证全指综合金融
h30182.CSI,中证全指软件服务
h30183.CSI,中证全指硬件设备
h30184.CSI,中证全指半导体
h30186.CSI,中证全指保险指数
h30187.CSI,中证全指化学制品
h30188.CSI,中证全指制药指数
h30189.CSI,中证全指电气设备
h30190.CSI,中证全指电子仪器
h30191.CSI,有色金属
h30192.CSI,食品肉类
h30193.CSI,中证全指纺织服装
h30194.CSI,中证全指汽车配件
h30195.CSI,中证全指建筑工程
h30196.CSI,中证全指耐用消费
h30197.CSI,中证全指多元零售
h30198.CSI,油气指数
h30199.CSI,中证全指电力指数
h30200.CSI,中证全指交通设施
h30201.CSI,中证全指贸易经销
h30202.CSI,中证全指软件指数
h30203.CSI,中证全指信息服务
h30204.CSI,中证全指酒店休闲
h30205.CSI,中证全指饮料指数
h30206.CSI,中证全指纸类林业
h30207.CSI,中证全指电脑设备
h30208.CSI,中证全指专营零售
h30209.CSI,中证全指建筑产品
h30210.CSI,0
h30211.CSI,中证全指资本市场
h30212.CSI,中证全指生物科技
h30213.CSI,中证全指航天国防
h30214.CSI,中证全指能源设备
h30215.CSI,中证全指休闲用品
h30216.CSI,中证全指海运指数
h30217.CSI,中证全指医保设备
h30218.CSI,中证全指水务指数
h30219.CSI,中证全指容器包装
h30220.CSI,中证全指网络软件
h30221.CSI,中证全指复合公用
h30222.CSI,中证全指公路铁路
h30223.CSI,中证全指航空公司
h30229.CSI,中证军工
h30230.CSI,H300LV(HKD)
h30231.CSI,H300LB(HKD)
h30232.CSI,H300HB(HKD)
h30233.CSI,H300稳定(HKD)
h30234.CSI,H300动态(HKD)
h30235.CSI,H300CNLV(HKD)
h30236.CSI,H300CNLB(HKD)
h30237.CSI,H300CNHB(HKD)
h30238.CSI,HK100EW(HKD)
h30239.CSI,HKCN50EW(HKD)
h30240.CSI,H300LV(CNY)
h30241.CSI,H300LB(CNY)
h30242.CSI,H300HB(CNY)
h30243.CSI,H300稳定(CNY)
h30244.CSI,H300动态(CNY)
h30245.CSI,H300CNLV(CNY)
h30246.CSI,H300CNLB(CNY)
h30247.CSI,H300CNHB(CNY)
h30248.CSI,HK100EW(CNY)
h30249.CSI,HKCN50EW(CNY)
h30250.CSI,中证500能源
h30251.CSI,中证500原料
h30252.CSI,中证500工业
h30253.CSI,中证500可选
h30254.CSI,中证500消费
h30255.CSI,中证500医药
h30256.CSI,中证500金地
h30257.CSI,中证500信息
h30258.CSI,中证500电信
h30259.CSI,中证500公用
h30260.CSI,300动量
h30261.CSI,300ERC
h30263.CSI,腾讯济安
h30264.CSI,稳健股基
h30265.CSI,进取股基
h30266.CSI,进取债基
h30269.CSI,红利低波
h30270.CSI,红利价值
h30271.CSI,100动态
h30272.CSI,100稳定
h30273.CSI,200动态
h30274.CSI,200稳定
h30310.CSI,中证500净收益美元
h30311.CSI,中证可选净收益美元
h30312.CSI,中证消费净收益美元
h30313.CSI,中证医药净收益美元
h30314.CSI,中证金融净收益美元
h30315.CSI,中证信息净收益美元
h30316.CSI,中证工业净收益美元
h30317.CSI,中证材料净收益美元
h30318.CSI,TMT150
h30323.CSI,H300信息产业(HKD)
h30324.CSI,H300银行(HKD)
h30325.CSI,H300运输(HKD)
h30326.CSI,H300资源(HKD)
h30327.CSI,H300基建(HKD)
h30328.CSI,H300物流(HKD)
h30329.CSI,H300休闲(HKD)
h30330.CSI,HK细分龙头(HKD)
h30331.CSI,HK行业龙头(HKD)
h30332.CSI,香港50(HKD)
h30333.CSI,H300信息产业(CNY)
h30334.CSI,H300银行(CNY)
h30335.CSI,H300运输(CNY)
h30336.CSI,H300资源(CNY)
h30337.CSI,H300基建(CNY)
h30338.CSI,H300物流(CNY)
h30339.CSI,H300休闲(CNY)
h30340.CSI,HK细分龙头(CNY)
h30341.CSI,HK行业龙头(CNY)
h30342.CSI,香港50(CNY)
h30344.CSI,健康产业
h30351.CSI,中证500成长
h30352.CSI,中证500价值
h30353.CSI,中证500R成长
h30354.CSI,中证500R价值
h30355.CSI,中证800成长
h30356.CSI,中证800价值
h30357.CSI,中证800R成长
h30358.CSI,中证800R价值
h30362.CSI,基本300
h30363.CSI,基本500
h30364.CSI,300MV
h30365.CSI,文体休闲
h30366.CSI,高分红
h30368.CSI,中证高新
h30372.CSI,中证安全
h30396.CSI,高等级短融
h30400.CSI,800动量
h30418.CSI,香港100动量
h30419.CSI,香港200动量
h30420.CSI,香港50ERC
h30421.CSI,香港100ERC
h30422.CSI,香港50EW
h30434.CSI,香港100动量(CNY)
h30435.CSI,香港200动量(CNY)
h30436.CSI,香港50ERC(CNY)
h30437.CSI,香港100ERC(CNY)
h30438.CSI,香港50EW(CNY)
h30439.CSI,1000能源
h30440.CSI,1000材料
h30441.CSI,1000工业
h30442.CSI,1000可选
h30443.CSI,1000消费
h30444.CSI,1000医药
h30445.CSI,1000金融
h30446.CSI,1000信息
h30447.CSI,1000电信
h30448.CSI,1000公用
h30455.CSI,陆港400
h30456.CSI,陆港700
h30457.CSI,陆港1100
h30458.CSI,陆港400能源
h30459.CSI,陆港400材料
h30460.CSI,陆港400工业
h30461.CSI,陆港400可选
h30462.CSI,陆港400消费
h30463.CSI,陆港400医药
h30464.CSI,陆港400金融
h30465.CSI,陆港400信息
h30466.CSI,陆港400电信
h30467.CSI,陆港400公用
h30468.CSI,陆港700能源
h30469.CSI,陆港700材料
h30470.CSI,陆港700工业
h30471.CSI,陆港700可选
h30472.CSI,陆港700消费
h30473.CSI,陆港700医药
h30474.CSI,陆港700金融
h30475.CSI,陆港700信息
h30476.CSI,陆港700电信
h30477.CSI,陆港700公用
h30478.CSI,陆港1100能源
h30479.CSI,陆港1100材料
h30480.CSI,陆港1100工业
h30481.CSI,陆港1100可选
h30482.CSI,陆港1100消费
h30483.CSI,陆港1100医药
h30484.CSI,陆港1100金融
h30485.CSI,陆港1100信息
h30486.CSI,陆港1100电信
h30487.CSI,陆港1100公用
h30488.CSI,陆港400(HKD)
h30489.CSI,陆港700(HKD)
h30490.CSI,陆港1100(HKD)
h30491.CSI,陆港400能源(HKD)
h30492.CSI,陆港400材料(HKD)
h30493.CSI,陆港400工业(HKD)
h30494.CSI,陆港400可选(HKD)
h30495.CSI,陆港400消费(HKD)
h30496.CSI,陆港400医药(HKD)
h30497.CSI,陆港400金融(HKD)
h30498.CSI,陆港400信息(HKD)
h30499.CSI,陆港400电信(HKD)
h30500.CSI,陆港400公用(HKD)
h30501.CSI,陆港700能源(HKD)
h30502.CSI,陆港700材料(HKD)
h30503.CSI,陆港700工业(HKD)
h30504.CSI,陆港700可选(HKD)
h30505.CSI,陆港700消费(HKD)
h30506.CSI,陆港700医药(HKD)
h30507.CSI,陆港700金融(HKD)
h30508.CSI,陆港700信息(HKD)
h30509.CSI,陆港700电信(HKD)
h30510.CSI,陆港700公用(HKD)
h30511.CSI,陆港1100能源(HKD)
h30512.CSI,陆港1100材料(HKD)
h30513.CSI,陆港1100工业(HKD)
h30514.CSI,陆港1100可选(HKD)
h30515.CSI,陆港1100消费(HKD)
h30516.CSI,陆港1100医药(HKD)
h30517.CSI,陆港1100金融(HKD)
h30518.CSI,陆港1100信息(HKD)
h30519.CSI,陆港1100电信(HKD)
h30520.CSI,陆港1100公用(HKD)
h30521.CSI,中证中票100
h30524.CSI,500ERC
h30525.CSI,300SER
h30526.CSI,500SER
h30531.CSI,精工制造
h30532.CSI,资源优选
h30535.CSI,互联网
h30544.CSI,陆港上游
h30545.CSI,陆港中游
h30546.CSI,陆港下游
h30547.CSI,陆港周期
h30548.CSI,陆港非周期
h30549.CSI,陆港地产
h30550.CSI,陆港金融服务
h30551.CSI,陆港现代服务
h30552.CSI,陆港TMT
h30553.CSI,陆港消费
h30554.CSI,陆港信息产业
h30555.CSI,陆港银行
h30556.CSI,陆港运输
h30557.CSI,陆港资源
h30558.CSI,陆港基建
h30559.CSI,陆港物流
h30560.CSI,陆港休闲
h30561.CSI,陆港大盘上游
h30562.CSI,陆港大盘中游
h30563.CSI,陆港大盘下游
h30564.CSI,陆港大盘周期
h30565.CSI,陆港大盘非周期
h30566.CSI,陆港上游(HKD)
h30567.CSI,陆港中游(HKD)
h30568.CSI,陆港下游(HKD)
h30569.CSI,陆港周期(HKD)
h30570.CSI,陆港非周期(HKD)
h30571.CSI,陆港地产(HKD)
h30572.CSI,陆港金融服务(HKD)
h30573.CSI,陆港现代服务(HKD)
h30574.CSI,陆港TMT(HKD)
h30575.CSI,陆港消费(HKD)
h30576.CSI,陆港信息产业(HKD)
h30577.CSI,陆港银行(HKD)
h30578.CSI,陆港运输(HKD)
h30579.CSI,陆港资源(HKD)
h30580.CSI,陆港基建(HKD)
h30581.CSI,陆港物流(HKD)
h30582.CSI,陆港休闲(HKD)
h30583.CSI,陆港大盘上游(HKD)
h30584.CSI,陆港大盘中游(HKD)
h30585.CSI,陆港大盘下游(HKD)
h30586.CSI,陆港大盘周期(HKD)
h30587.CSI,陆港大盘非周期(HKD)
h30588.CSI,中证证保
h30590.CSI,机器人
h30597.CSI,新材料
h40001.SH,180能源全收益
h40002.SH,180材料全收益
h40003.SH,180工业全收益
h40004.SH,180可选全收益
h40005.SH,180消费全收益
h40006.SH,180医药全收益
h40007.SH,180金地全收益
h40008.SH,180信息全收益
h40009.SH,180电信全收益
h40010.SH,180公用全收益
h40011.SH,沪环渤海全收益
h40012.SH,沪长三角全收益
h40013.SH,沪珠三角全收益
h40014.SH,沪中部全收益
h40015.SH,沪西部全收益
h40016.SH,沪东北全收益
h40017.SH,沪信息业全收益
h40018.SH,上证文化全收益
h40019.SH,上红回报全收益
h40020.SH,上红潜力全收益
h40021.SH,沪能源红全收益
h40022.SH,沪材料红全收益
h40023.SH,沪工业红全收益
h40024.SH,沪可选红全收益
h40025.SH,沪消费红全收益
h40026.SH,沪医药红全收益
h40027.SH,沪金融红全收益
h40028.SH,沪信息红全收益
h40029.SH,沪电信红全收益
h40030.SH,沪公用红全收益
h40031.SH,沪绿色城全收益
h40032.SH,沪城交通全收益
h40033.SH,沪城消费全收益
h40034.SH,沪城基建全收益
h40035.SH,沪智交通全收益
h40037.SH,上证城镇全收益
h40038.SH,沪智慧城全收益
h40040.CSI,上红低波全收益
h40043.CSI,上证养老全收益
h40044.CSI,上证健康全收益
h40067.CSI,180ERC全收益
h40068.CSI,380ERC全收益
h40070.CSI,上证汽车全收益
h40071.CSI,上证基建全收益
h40072.CSI,沪信安全全收益
h40075.CSI,沪现代农全收益
h40079.CSI,上证混改全收益
h40080.CSI,中小企改全收益
h40081.CSI,180碳效全收益
h40082.CSI,上海改革全收益
h40085.SH,沪物联网全收益
h40086.SH,沪自贸区全收益
h40087.SH,上证海洋全收益
h40088.SH,沪轻资产全收益
h40089.SH,上证电子全收益
h40096.CSI,上海国企全收益
h40097.SH,沪供给侧全收益
h40098.SH,180SNLV全收益
h40099.SH,380SNLV全收益
h40100.SH,上高股息全收益
h40101.SH,沪智能造全收益
h40105.SH,上证证券全收益
h40106.SH,上证创新全收益
h40107.SH,380创新全收益
h50001.SH,180能源
h50002.SH,180材料
h50003.SH,180工业
h50004.SH,180可选
h50005.SH,180消费
h50006.SH,180医药
h50007.SH,180金地
h50008.SH,180信息
h50009.SH,180电信
h50010.SH,180公用
h50011.SH,沪环渤海
h50012.SH,沪长三角
h50013.SH,沪珠三角
h50014.SH,沪中部
h50015.SH,沪西部
h50016.SH,沪东北
h50017.SH,沪信息业
h50018.SH,上证文化
h50019.SH,上红回报
h50020.SH,上红潜力
h50021.SH,沪能源红
h50022.SH,沪材料红
h50023.SH,沪工业红
h50024.SH,沪可选红
h50025.SH,沪消费红
h50026.SH,沪医药红
h50027.SH,沪金融红
h50028.SH,沪信息红
h50029.SH,沪电信红
h50030.SH,沪公用红
h50031.SH,沪绿色城
h50032.SH,沪城交通
h50033.SH,沪城消费
h50034.SH,沪城基建
h50035.SH,沪智交通
h50036.CSI,上证军工
h50037.SH,上证城镇
h50038.SH,沪智慧城
h50039.SH,上证TMT
h50040.CSI,上红低波
h50042.CSI,上红价值
h50043.CSI,上证养老
h50044.CSI,上证健康
h50052.CSI,上国改革
h50053.CSI,上证移动
h50054.CSI,上证休闲
h50055.CSI,沪大农业
h50056.CSI,上证智能家居
h50057.CSI,180动量
h50058.CSI,380动量
h50067.CSI,180ERC
h50068.CSI,380ERC
h50069.CSI,港股通
m30780.CSI,中证兴业中高信用债(税)
m30786.CSI,短融AAA(税)
m30787.CSI,短融AA+(税)
m30788.CSI,短融AA(税)
